is_urgent,label,text
0,kekerasan seksual,Dari sepuluh permohonan perlindungan ke Lembaga Perlindungan Saksi dan Korban dua pertiganya terkait dengan kasus kekerasan seksual
0,kekerasan seksual,Segala hal yang terkait dengan seperti halnya konten telanjang tak senonoh kekerasan kata kasar
0,kekerasan seksual,misal korban kekerasan seksual harus menghadirkan orang saksi dan pelaku ada peluang dibebaskan jika bersedia disumpah lima kali hmm
0,kekerasan seksual,Terus gimana lu mau jelasin perihal kasus kekerasan seksual yg dialamin cewe pas lagi sholat di masjid Itu gara
1,kekerasan seksual,Miris dengan ceritanya karena kata ayah kekerasan seksual secara fisik dan verbal udah menjadi makanan sehari
0,kekerasan seksual,Ngobrol bareng ayah soal kekerasan seksual di tempat kerja Memang baru kali ini juga kami ngobrolin soal topik ini
0,kekerasan seksual,Efek berbahaya pada kesehatan ibu karena peningkatan paparan panas Berkurangnya akses ke air bersih selama
0,kekerasan seksual,Menurut KPAI sudah menjadi tugas kita semua untuk melindungi siapa saja termasuk anak anak dari potensi kejahatan
0,kekerasan seksual,jateng Hai sobat penak Pahami yuk berbagai istilah dalam pelecehan seksual Tetap waspada ya sobat terhadap kejahatan
0,kekerasan seksual,Tapi gua masih heran juga si kenapa ya kalo cewe jadi korban kekerasan seksual itu si cewe yg disalahin 
0,kekerasan seksual,Kasus kekerasan seksual marak Komisi Nasional Perlindungan Perempuan dan Anak mendesak pengesahan RUU PKS
1,kekerasan seksual,Sedih aja bahwa mrk harus mengalami itu Ngga berani lapor ke siapapun di real life Miris karena mrk ngga ada nyal
0,kekerasan seksual,Persamaan Jadi sebelum kita membahas secara detail apa itu fwb cinta satu malam dan sexual buddy
1,kekerasan seksual,Saya yang pernah alami kekerasan seksual
1,kekerasan seksual,dari pria pernah pengalami pelecehan seksual
1,kekerasan seksual,Berdasarkan laporan dari ILO salah satu penyebab terjadinya kekerasan seksual di industri hiburan
1,kekerasan seksual,Belum ada payung hukum yang memberikan keadilan pada korban kekerasan seksual 
0,kekerasan seksual,Wahini baju terbuka kah tertutup kan ttp ai rentan jadi korban pemerkosaan atau kekerasan seksual kyni
0,kekerasan seksual,Jujur kasus kekerasan seksual nih kek gunung es Yg ke spill ke up akhir akhir ini akademisi tapi yang sesama mahasiswa
0,kekerasan seksual,Pelecehan Seksual di Dunia Maya with Regina Nicole Angga Danu Joce Timo
0,kekerasan seksual,Anak adlh klmpok masy yg plg rentan thdp kekerasan dan pelecehan seksual Jrg dri mrk yg phm ketika situasi buruk t
0,kekerasan seksual,Terima kasih Ini foto beberapa aktivis cewek Insiden Gwangju belum diketahui nama mereka sampai s
1,kekerasan seksual,Dari sepuluh permohonan perlindungan ke Lembaga Perlindungan Saksi dan Korban dua pertiganya terkait dengan kasus
1,kekerasan seksual,Pelaku kejahatan seksual di Jombang mengintimidasi korban dan pendampingnya Perlunya Undang Undang Penghapusan Kek
1,kekerasan seksual,Ini konteksnya pernikahan yang disetujui kedua pihak dan ga ada masalah kek pasangannya abusive atau ngelakuin kekerasan seksual
0,kekerasan seksual,Sukur masuk prolegnas sih Yg kasian uu kekerasan seksual Sama yg bikin kesel juga PR nya
0,kekerasan seksual,Menolaklupa bagaimana negara berdiri di atas politik kekerasan seksual Mari ikuti diskusi mengenang Mei dan kasu
1,kekerasan seksual,Dewan ini akan melegalisasi aborsi bagi remaja korban kekerasan seksual
1,kekerasan seksual,Dengan dihadirkannya buku ini menjadi tamparan keras bagi kita semua bahwa sangat nyata adanya perlakuan tidak adil
1,kekerasan seksual,Yes bahwa keduanya berupaya menundukkan perempuan dengan pakaian agar perempuan tetap pada posisi binernya sebaga
1,kekerasan seksual,Malah terdapat juga perempuan yang mengalami kekerasan seksual justru ketika berpakaian tertutup
0,kekerasan seksual,Bahkan perempuan dibebani wejangan untuk menjaga melindungi pandangan laki laki dengan berpakaian setertutup mu
0,kekerasan seksual,Ketika ada pembicaraan mengenai kekerasan seksual terhadap perempuan selalu ujung ujungnya dikaitkan dengan pakaia
0,kekerasan seksual,Maaf nder wkkw emosi btw kalau kamu nggak mau dan dia maksa gitu itu udah pelecehan nder pokoknya hal
0,kekerasan seksual,bener deh indonesia darurat kekerasan seksual pada anak anak Pada gila x ya anak kecil yg d jadiin korban Ya Allah
0,kekerasan seksual,Fahira Idris Kekerasan Seksual Anak Kejahatan Luar Biasa Penanganannya Juga Harus Luar Biasa
0,kekerasan seksual,drama hi bye mama move to heaven film miracle in cell no terus yg nyeritain anak kecil korban ke
0,kekerasan seksual,mengungkapkan rahasia rahasia kelam dari para oknum di sekolah Adegan gore kekerasan dan seksual hampir mendomin
1,kekerasan seksual,Kalau kekerasan seksual aja ada yg sifatnya keseharian hasil dari status quo kultur atau kebiasaan masyarakat
0,kekerasan seksual,Saya setuju statmentnya kekerasan seksual adalah kejahatan Tapi masnya terlalu sotoy dengan ngeliat dr sudut satu
0,kekerasan seksual,WAIIITTT IM SO FCKIN HAPPY RN soalnya mantan gue kena sanksi kekerasan seksual dari kampus
0,kekerasan seksual,TWK bisa mempermalukan bangsa krn ada pertanyaan pertanyaan yang melanggar hak kebebasan beragama berkeya
1,kekerasan seksual,Ancaman Karier di Masa Depan Jadi Alasan Korban Kekerasan Seksual di Industri Hiburan Enggan Melapor
1,kekerasan seksual,Anda juga dapat melihat jumlah kasus kekerasan dan kejahatan seksual di sekitar anda melalui peta di home
0,kekerasan seksual,bisa jadi korban Kenapa begitu Coba tambah deh bacaan lo kenapa orang sampe
0,kekerasan seksual,Ya krn memang tidak Lo coba baca banyak penelitian deh bahkan sampe dibuat
1,kekerasan seksual,Kasus Kekerasan Seksual Marak Disdikpora Buleleng Terbitkan SE
0,kekerasan seksual,Jerat dengan pasal di bawah ini
1,kekerasan seksual,Biasanya korban kekerasan seksual emang bingung gitu sama kondisi dia kek linglung Tapi udah berani nge
1,kekerasan seksual,salah satu tokoh utamanya si gadis bertato naga Lisbeth Salander waktu mengalami kekerasan seksual dari pengacar
0,kekerasan seksual,selain itu di setiap pergantian bab bakal ada semacam sekilas info gitu yang ngejelasin betapa parahnya kekerasan
0,kekerasan seksual,anw buku ini juga cukup parah bikin aku triggering selain karena salah satu highlight nya adalah kekerasan seksua
0,kekerasan seksual,Suka cringe sama kasus kekerasan seksual tapi headlinenya pake kata digilir
1,kekerasan seksual,Piramida pelecehan kekerasan seksual dari yang paling rendah dan suka disepelekan Yok mulai sekarang tegur bila menemukan
0,kekerasan seksual,sahkanruupks gerakbersama ruupksvaksinuntukkorban jangantundalagi
0,kekerasan seksual,Ada yang udah nonton Steps of May belom
0,kekerasan seksual,Berbagai Negara Ini Lakukan Kampanye untuk Melawan Kekerasan dan Pelecehan Seksual di Industri Hiburan
0,kekerasan seksual,pewirausaha UNY Terdapat fitur Call Center untuk melaporkan kesalahan sistem serta pengaduan kekerasan seksual
0,kekerasan seksual,Becermin dari Kasus Lady Gaga Mengapa di Industri Hiburan Kerap Terjadi Kekerasan Seksual
0,kekerasan seksual,Anak Anggota DPRD Pelaku Kekerasan Seksual Ditangkap Polisi
1,kekerasan seksual,Patriarkis Indonesia dicap tidak serius atasi isu kekerasan seksual
0,kekerasan seksual,TWK malah bisa mempermalukan bangsa krn ada pertanyaan pertanyaan yang melanggar hak kebebasan beragama
1,kekerasan seksual,Kekerasan Seksual Anak Kejahatan Luar Biasa Penanganannya Jg Hrs Luar Biasa Sy ingin ingatkn kembali kpd kt semua baik a
0,kekerasan seksual,Fahira Idris Kekerasan Seksual Terhadap Anak Harus Dipandang Setara Dengan Terorisme baca id
0,kekerasan seksual,Kekerasan seksual itu adalah kejahatan terkait dengan relasi kuasa Si laki bejat itu bisa
0,kekerasan seksual,Anak anggota DPRD Kota ditetapkan sebagai tersangka pelaku kekerasan seksual
0,kekerasan seksual,Kekerasan berbasis gender online mencakup spektrum perilaku termasuk penguntilan pengintimidasian pelecehan seksual pen
1,kekerasan seksual,Apakah consent atau konsep persetujuan dlm hubungan akan mendorong hubungan seks di luar nikah atau justru sebagai
0,kekerasan seksual,st WEBINAR Sebar Sehat Jabodetabeken MENJAGA TUBUHKU DAN CEGAH KEKERASAN SEKSUAL Mei Selesai Zo
1,kekerasan seksual,Kekerasan Seksual Anak Kejahatan Luar Biasa Penanganannya Juga Harus Luar Biasa
0,kekerasan seksual,Kalo emak bapaknya ninggalin dari kecil atau sering dapat kekerasan verbal fisik bahkan
0,kekerasan seksual,Pembahasan lain Progress dan update dari Statuta UI revisi revisi yang telah dibahas tahun lalu Kekerasan Se
0,kekerasan seksual,Kami menerima hal ini Dengan begini pelaku kekerasan seksual berat itu akan menjalani hukuman yang sesuai dengan
0,perkosa,Aku sering perkosa ceweku
0,perkosa,KSTP Perkosa Gadi Gadis Desa di Beoga
0,perkosa,ryn Gaperlu di hukum mba yg perkosa kepalanya udah coplot
0,perkosa,M Skrng lu kuat ga bg lu diposisi tuh si anak terus lu mau diem aja gtu liat ibu lu di perkosa
0,perkosa,Jngn ya cakep ntar gw perkosa lu
0,perkosa,Kalo gw nangkepnya gini video itu menggambarkan cewe yg circle pertemanannya cowo da
0,perkosa,kalo perkosa ehhh
0,perkosa,Lah perkosa tapi milih
0,perkosa,Perkosa mantan pt desahancowok desahanenak desahankasar desahanngewe desahannafsu desahanjilmek desahanpria co
0,perkosa,Di fyp tiktok isinya cuma pria perkosa berkali kali gadis tahun Pdhl ngakunya sahabatnya
0,perkosa,KSTP aniaya dan perkosa perempuan Papua
0,perkosa,Krna emg ortu ada yg brengsek jg sih Beranak cm buat diternak amp nuntut setoran Gak semua ortu baik ada jg
0,perkosa,umi klw di perkosa ama abg umur tahun mau gak
0,perkosa,rumah mereka yg kalian rusak dan perkosa
0,perkosa,Markhyuck oneshoot AU Secretary x Me by baelinsh commissioned by omegaverse AU pls kindly read the
0,perkosa,Lakukan pelanggaran HAM berat KSTP aniaya dan perkosa perempuan Papua Nusantara Bersatu
0,perkosa,Idiiiihh Agak aneh tau perkosa org yg mukanya sama kek diri sendiri wkwkwk
0,perkosa,Lo mau gue perkosa g
0,perkosa,Kan memang di dalam islam hukuman terberat utk pemerkosa itu di bunuh Kalo emg bener ibunya di perkos
0,perkosa,Saat sadar korban terkejut lantaran sudah dalam kondisi telanjang
0,perkosa,Korban diiming imingi akan diberi mukena dan uang Rp ribu Setelah itu korban dibawa ke dalam kamar marbut di dalam masj
0,perkosa,Kayak di perkosa
0,perkosa,emang ada apa cewe perkosa cowo
0,perkosa,Di perkosa ga
0,perkosa,Memang diatur hukum itu seperti di perkosa
0,perkosa,Dia pas umur th pernah di perkosa ama tante an bunting punya anak
0,perkosa,liat komenan berita anak dprd perkosa anak dibawah umur malah ada yg bilang gt
0,perkosa,M Klo emaklu di perkosa tetangga trus lu mau lapor polisi Biar pelaku bisa bayar trus pidana
0,perkosa,Pencuri Nekat Perkosa Pengantin Baru Di Depan Suami Tak Tahan Dengar Desahan Saat Beraksi Pemerkosaan
0,perkosa,di perkosa anj r
0,perkosa,kalau lu mencabut persetujuan suka sama suka consent pas lu ngewe karena lu baper terus dia gabisa bales baper lu
0,perkosa,muda
0,perkosa,Nemu kaya gini dikebun gua perkosa dah wkwkkwk
0,perkosa,hottiebaby Untunh g d perkosa hehe
0,perkosa,Akan tetapi bukan kah yg ditemui beredar cewe di perkosa cowo bergilir Buka
0,perkosa,Pelaku merayu korban dengan melakukan tindakan untuk merangsang korban
0,perkosa,Jeki di perkosa ica
0,perkosa,gas lh njir perkosa aja tu jeki
0,perkosa,Polisi Gadungan di Samarinda Sekap Peras dan Perkosa Korban Telah Ditangkap oleh Aparat
0,perkosa,Gak suka serial uttaran baru baru ini anaknya icha kan memperkosa muktha trs pas persidangan malah nyalahin ibuny
0,perkosa,Kayanya doi perkosa balik deh
0,perkosa,id Keluarga Korban Kecewa Polisi Lamban Tangani Anak Anggota DPRD Bekasi yang Diduga Perkosa dan Jual Remaja Pak
0,perkosa,sweet Awas salah sortir perkosa ku aing
0,perkosa,Pengen gw perkosa yg kaya gini nih
0,perkosa,sesabar sabarnya gua kl misal di posisi lu kl ada yg nyakitin ibu gua bahkan sampe perkosa gua gaba
0,perkosa,Gua jawab lah ko ada org yg berfikir kyk om ya yg namanya di perkosa itu udh jelas tubuh dia ga rela di nodai o
0,perkosa,Oknum Polisi Berpangkat Brigadir Terbukti Perkosa Mertua Sendiri Dilakukan Sejak Akhir via
0,perkosa,Harga dirikuuu ilaang mau di perkosa
0,perkosa,PERNAH HAMPIR KAU PERKOSA YA AKUU
0,perkosa,Perkosa IBU Yang lumpuh Ini lucifer aja standing applause kalah jahatnya Masih mendin
0,perkosa,Perkosa IBU Yang lumpuh Ini lucifer aja standing applause kalah jahatnya Masih mending cuma diput
0,perkosa,Bokep Korea Perkosa Pacar Teman
0,perkosa,Yaallah umur tahun pantaran gua kasian amat masi muda perkosa anak muda juga wkwkwk ga
0,perkosa,REEEDS Perkosa Ibu Yg
0,perkosa,Kalau si pelaku bunuhnya beberapa hari setelah ibunya di perkosa tetap dihukum ga Tetap Karena yg
0,perkosa,Tak Hanya Bunuh Gadis Sopir Truk Istri Ini Juga Bunuh Siswi SMA dan Perkosa Mayat Korban lewat
0,perkosa,ajg spam bgt ini dwi perkosa report aja udah
0,perkosa,bondan perkosa cocote wkwk
0,perkosa,Buat kecebong bangsat kau iri dg mukaku kan hingga nagtain macam karna aku berdarah Turkey yaman Iraq amp persia hey kecebon
0,perkosa,As masih bisa disebut perkosa gak sih kalau nayla malah ketagihan
0,perkosa,Bukanya waktunya perkosa kmu ya
0,perkosa,Haven t read this one tapi ini Buhaira maksudnya ahli ibadah yang sudah ibadah ratusan tahun tapi kemudian masuk n
0,perkosa,Jingan Si Lumba lumba wkwkwk Hap hap makan dulu hap hap bermain api hap hap Ma
0,perkosa,Batasan memang ada Tapi mau sampe kapan Gausah lakuin sesuatu ke orang lai
0,dipukul,bisa bisa banget bisa banget buat dipukul
0,dipukul,jangan dipukul nanti egk ganteng lgi gueh
0,dipukul,Dia kira semua anak kos yang ga nyaman dirumah sendiri itu kaya kali
0,dipukul,ga deng canda hehehe nnti ak dipukul para babunim
0,dipukul,are you okay chal dipukul dimnaa
0,dipukul,menfess kdm taxi driver paling tahan banting abis dipukul ditusuk dll nya
0,dipukul,suara benturan dari tembok sebelah dan g lama cewenya ini minta tolong ke rumah nenek dg keadaan babak belur sama k
0,dipukul,KOK DIPUKUL Aku nangis
0,dipukul,Dipukul sama kenyataan buat sadar kamu bukan prioritas Eh tapi ga sadar juga Segoblok itu orang yg maksain perasaan nya
0,dipukul,sampe saat ini bumi dan lukanya sama bunda aku gasuka dipukul adalah tahta tertinggi dunia per bgst an
0,dipukul,anjritttttt pusing banget pala gue kayak dipukul pake pemukul gong
0,dipukul,FESS Udah apa Udah bisa dipukul
0,dipukul,Agak minta dipukul gak sih
0,dipukul,KKB akhirnya dipukul mundur dari wilayah Kabupaten Puncak Papua oleh prajurit TNI Polri KKB Papua
0,dipukul,dipukul dipalu sehari hari barulah ia sedarkan diri lah kok jadi dark ya
0,dipukul,Ra mau dipukul ya
0,dipukul,Keinget kucingku yang diracun tetangga dan satunya lagi habis dipukul ditaroh deket pintu Emang asu tetanggaku bangsat
0,dipukul,wkwk iya dah lu pernah dipukul sampe lo hampir pingsan ga sama nyokap lo lo ga tau posisi gu
0,dipukul,Mau dipukul
0,dipukul,dipukul
0,dipukul,Kadang gak bisa apa apa selain senyum dan nguatin diri sambil bilang dalam hati Manusia di bumi itu banyak macamny
0,dipukul,bunda aku gak suka dipukul harez chantika chantika dan musik aldyth aca who s yours ja
0,dipukul,Ak dipukul
0,dipukul,gak lah jgn dipukul rata gitu salahin orangnya bukan gendernya
0,dipukul,minta dipukul yaa emang nathan ini
0,dipukul,yg ga vote dipukul ajun I nominate TREASURE Whosfan st Anniversary Whosfan with TREASURE
0,dipukul,gak sakit dipukul gitu
0,dipukul,ni org minta dipukul
0,dipukul,Klo bambam liat meme ini dia psti gk tau klo mau dipukul sapu lidi dia psti ngirain kmu team hore synn
0,dipukul,miswa Siapakah Latifah Abdul Latif ini Dia adalah wartawan Pales tin yang membuat liputan di Al Quds sejak Sudah berap
0,dipukul,mau bilang jijik takut dipukul
0,dipukul,TW ada foto berdarah i need your help kmrn abis dipukul sama bokap gua sendiri sampe sobek tau ga dipukul pake apa
0,dipukul,tp se kurang ajarnya anak perempuan ga seharusnya dipukul dan dikasari apalagi menggunakan alat gaada ala
0,dipukul,Dia cepet bgt ya bund kalau jalan dipukul jg lama matinya ksh karbol kata org br cpt mati
0,dipukul,u can call me anak kurang ajar kok karna gua sadar akan itu tp se kurang ajarnya anak perempuan ga seharusnya dipukul d
0,dipukul,MINTA DIPUKUL
0,dipukul,Kabar baik kamu minta dipukul pa gimana
0,dipukul,KEMPLUNG TUH YANG KALO KEPALA DIPUKUL PAKE GALON BUNYI PLUNG GITU GASEH KALO IYE KURANG AJAR
0,dipukul,NGAPAIN MAU DIPUKUL KAH
0,dipukul,halal buat dipukul ga sih
0,dipukul,TaxiDriverEp Tn Jung disuntik buta sama kaya pimpinan Choi gila emang SungMi Tn Park ditabrak tapi untungnya dia selamat
0,dipukul,Yuddin astaga Segeralah meminta maaf sebelum dipukul lightsaber
0,dipukul,slain dipukul tot
0,dipukul,aku dipukul
0,dipukul,Itu temennya minta dipukul Tapi mungkin aja Tuhan sengaja ngejauhin mrka dari kamu karena mrka ga
0,dipukul,KIO MAU DIPUKUL APA DICIUM YA ALLAAAAAAH GUE NANGIS MAKIN KENCENGGG
0,dipukul,TaxiDriverEp Tn Jung disuntik buta sama kaya pimpinan Choi gila emang SungMi Tn Park ditabrak tapi untungnya d
0,dipukul,Oh iya lupa Luffy membuka topinya dan menampilkan uang kertas yang lumayan banyak Nah ini
0,dipukul,kok dipukul anjinggv
0,pelecehan,tw sexual assault not some media headlines glorifying the predators of sexual assault ini apa hubungan nya sama pelec
0,pelecehan,Kenapa Selalu Ada Pelecehan Seksual di Industri Kreatif
0,pelecehan,paling nyentuh latar belakang an di thailand ttg drugs pelecehan suicide sesek bgt liatnya
0,pelecehan,Gue udah coba kontak beberapa LBH seperti Jakarta dan dan juga Bdg yang memang menangani masalah
0,pelecehan,Mereka tidak nyaman ada yang bahkan menangis karena mengingat trauma Para perempuan pegawai KPK yang menjalani tes wawasan
0,pelecehan,Mantab Pak Saut TWK malah bisa jadi Test Memalukan Bangsa TMB krn ada pertanyaan yang melanggar hak ke
0,pelecehan,Itu ngebukti in bahwa dlm kasus pelecehan korban tdk salah yg salah adalah ot
0,pelecehan,idk it s literally everywhere especially tiktok like they keep sexualizing women and telling us it s
0,pelecehan,Usaha u concern sama isu pelecehan seksual amp sejenisnya harusnya didukung dg kemampuan berempati trhdp korban Buk
0,pelecehan,Pelecehan seksual bisa terjadi di mana saja dan korbannya tidak mengenal usia atau gender JANGAN DIAM jika melihat peleceh
0,pelecehan,Pelecehan buat saya
0,pelecehan,Saksi kunci kasus dugaan pelecehan seksual di Pesantren Shiddiqiyyah di Jombang Jawa Timur dianiaya Putra pemilik pes
0,pelecehan,Dari sepuluh permohonan perlindungan ke Lembaga Perlindungan Saksi dan Korban dua pertiganya terkait dengan kasus keker
0,pelecehan,KASUS PELECEHAN SEKSUAL a thread
0,pelecehan,pelecehan ini
0,pelecehan,Betul anehnya di normalisasi semua kaya hal itu udh dijadiin jokes ky biasanya pdhal itu masuk pel
0,pelecehan,bagaimana jika tempat ibadah sudah dijadikan tempat pelecehan
0,pelecehan,A Thread PELECEHAN SEKSUAL DI HOTEL CAPSULE TERNAMA INDO BOBOB X Gue sebagai cowok shock karena baru pertama kalin
0,pelecehan,pelecehan barbie
0,pelecehan,euphoria KAGET GUA SKSKSK ANAK GUA KORBAN PELECEHAN
0,pelecehan,ID Pelecehan seksual pada pria sering tidak diberikan konteks sama sekali Ini seakan akan mengecilkan tindak pelecehan tersebut
0,pelecehan,Horn baek dilaporin nanti dikira pelecehan sexual
0,pelecehan,pelecehan g si
0,pelecehan,Pelecehan terhadap orang tinggi yak maju
0,pelecehan,Apakah karena kita sudah salah memahami konsep kebebasan yg sebenarnya hingga seperti ini Ataukah karena ambisi y
0,pelecehan,Astaga pantes aku kena pelecehan disitu
0,pelecehan,Pelecehan
0,pelecehan,id Pas hamil nanti juga membesar Emang berapa ukuran LD dan cupnya Krn klo payudaramu besar akan d
0,pelecehan,Pelecehan terhadap agama lain harus di viralkan tak ada satu agamapun di dunia ini yang di perbolehka
0,pelecehan,Intinya jangan menyalahkan penuh perempuan kalau sudah jelas pelaku pelecehan tersebut LAKI LAKI Kalo ngomongin n
0,pelecehan,hrd nya aja kyk gitu gimana klo jadi korban pelecehan di perusahaan itu bisa cuma dibuat guyona
0,kekerasan anak,tp se kurang ajarnya anak perempuan ga seharusnya dipukul dan dikasari apalagi menggunakan alat gaada ala
0,kekerasan anak,Karena pendidikan inklusif termasuk Sekolah Ramah Anak adalah satuan pendidikan yang mampu menjamin memenuhi meng
0,kekerasan anak,hr Ini tindakan kekerasan terhadap anak
0,kekerasan anak,Gaboleh kekerasan sama anak kecil
0,kekerasan anak,Halo Mumpung viral wkwk Mungkin belum banyak yang tahu kalau kita juga punya layanan hotline untuk pengaduan kekerasa
0,kekerasan anak,Bertemakan tentang anak anak bagaimana pelecehan atau kekerasan yang terjadi anak anak dan topik lainnya menjadika
0,kekerasan anak,Sampe akhir hayat mereka Dan sampe saat ini terlebih sering baca kasus abusive parents toxic parents kekerasa
0,kekerasan anak,Terima kasih atas informasinya kekerasan terhadap anak sesuai mandat dapat dilaporkan k
0,kekerasan anak,DPA Sulteng Kekerasan terhadap perempuan anak masih sering terjadi INDONESIA
0,kekerasan anak,Semacam nandur ngundhuh ya Membesarkan dengan kekerasan dan emosi membentuk anak de
0,kekerasan anak,Efek berbahaya pada kesehatan ibu karena peningkatan paparan panas Berkurangnya akses ke air bersih selama k
0,kekerasan anak,Apresiasi Mayarakat Publik Figure Kepada Sat Reskrim Polres Tangsel Atas Pengungka
0,kekerasan anak,Apresiasi Mayarakat Publik Figure Kepada Sat Reskrim Polres Tangsel Atas Pengungkapan Kas
0,kekerasan anak,Gue ga membenarkan kekerasan pada anak Konteksnya itu ponsel dan kena marah
0,kekerasan anak,Menurut KPAI sudah menjadi tugas kita semua untuk melindungi siapa saja termasuk anak anak dari potensi kejahata
0,kekerasan anak,shouldn t have a kid kalo masih tidak bisa mengontrol emosi dan menyadari kalau anak sewaktu
0,kekerasan anak,jateng Hai sobat penak Pahami yuk berbagai istilah dalam pelecehan seksual Tetap waspada ya sobat terhadap kejahatan yan
0,kekerasan anak,sesalah apapun mukul anak itu gaada pembenarannya ngeri banget kalau orang orang kaya lo y
0,kekerasan anak,jangan gituuu itu kekerasan terhadap anak kecil tauuu
0,kekerasan anak,Keluarga nya lembek ngajarin anak pas awal mah pake kekerasan Giliran udah gede anaknya ga berguna malah dimanja
0,kekerasan anak,plis ini gue benci bgt gue pernah nyuruh anak gc fanbase gue utk stream setiap hari tp ga pake kekerasan cm s
0,kekerasan anak,Hai sobat penak Pahami yuk berbagai istilah dalam pelecehan seksual Tetap waspada ya sobat terhadap kejahatan
0,kekerasan anak,Pemerintah Indonesia melalui Kementerian Luar Negeri secara konsisten mendukung pemenuhan hak warga Palestina Indo
0,kekerasan anak,Kementerian PPA mencatat ada kasus kekerasan terhadap perempuan dan anak sejak Januari Mei Mayoritas kas
0,kekerasan anak,Ada studi kasus misal Kalo anak nangis orang dlu malah marahin nyubit blablabla malah ik
0,kekerasan anak,Dilarang melakukan kekerasan pada anak
0,kekerasan anak,maap aku anak baik baik yg gak suka kekerasan dan rajin menabung
0,kekerasan anak,bener deh indonesia darurat kekerasan seksual pada anak anak Pada gila x ya anak kecil yg d jadiin korban Ya Allah
0,kekerasan anak,Yayasan JaRI Proudly Present LOMBA MENULIS MERDEKA DARI KEKERASAN Segera daftarkan diri kalian untuk ikutserta da
0,kekerasan anak,Amanah internasional lain adalah telah terjadi kekerasan terhadap warga Palestina termasuk wanita amp anak dan pem
0,kekerasan anak,Kementerian PPA mencatat ada kasus kekerasan terhadap perempuan dan anak sejak Januari Mei Mayor
0,kekerasan anak,Mau lapor kekerasan dan suami nya akan anak angkat mereka
0,kekerasan anak,Data tahun ada kasus kekerasan sementara pada ditemukan kasus Sebanyak kasus di antaranya m
0,kekerasan anak,Ini mungkin agak sensitif tapi sebenernya ya dokter bisa tau mana luka pada anak yang disebabkan oleh sebab yang tidak diseng
0,kekerasan anak,Emak ke aku nyubit paha kanan kiri sampe biru biru lalu lanjut ngegebuk pake sapu lidi Emak ke ade KAMU JADI
0,kekerasan anak,Sebagai seorang paralegal pendamping perempuan anak dan difabel korban kekerasan suka banget idol
0,kekerasan anak,Senakal nakalnya atau sekurang ajarnya anak kekerasan fisik dalam mendidik tidak di benarkan
0,kekerasan anak,Mengapa kita harus membela Palestina Karena telah terjadi kekerasan terhadap warga sipil terutama wanita dan anak anak WeSta
0,kekerasan anak,Mengapa kita harus membela Palestina Karena telah terjadi kekerasan terhadap warga sipil terutama wanita dan anak
0,kekerasan anak,Telah terjadi kekerasan terhadap warga sipil Palestina Bahkan Israel rutin menangkap anak anak remaja dan Palesti
0,kekerasan anak,gestun anak Polri Halo Kak
0,kekerasan anak,Anak SD SMA pun bisa burnout di situasi skrg Di rumah bokap nyokap saling adu teriak pas daring depan gaw
0,kekerasan anak,Indah Demi kebaikan kita bersama Polisi Akan Peringatkan Akun Medsos yang Unggah Video Kekerasan Anak di Tangsel
0,kekerasan anak,TRIGGER WARNING Teman teman maaf banget harus ngeshare ini ya tapi ayo bantu viralkan ya kasian banget adiknya ya am
0,kekerasan anak,Nabi SAW Mendidik Anak dengan Kebaikan Bukan Kekerasan Rasulullah bersabda ajarilah permudahlah janganlah per
0,kekerasan anak,Anak lu kenapa serem amat ffa Kekerasan mulu ya lu ke dia
0,kekerasan anak,Pas banget Semalam ketika merenung renung tentang seorang anak yang dikeluarkan dari sekolah tentang tragedi kema
0,kekerasan anak,lu ribut jangan sampe pake kekerasan kalo bini lu kenapa kenapa lu bisa di laporin ke polisi mas
0,kekerasan anak,Disana kasus bully cukup tinggi banyak anak yang kadang depresi dan berakhir bundir sampe jepang pernah
0,kekerasan anak,kekerasan perpipian katanya wkwk btw sak anak ank yang dimaksud masmu kayaknya anak anak yg lagi berkembang biak di dalam
0,kekerasan anak,Jk pemimpin tdk amanah korup rakyat ricuh tdk tertib taat aturan pendidik tdk terbuka wawasan tdk bijak orgtua
0,kekerasan anak,Polisi Akan Berkoordinasi dengan Kemenkominfo Terkait Video Kekerasan Terhadap Anak
0,kekerasan anak,E J A Anak harus tumbuh dan berkembang dengan baik BERIKAN SENYUMAN BUKAN SIKSAAN CIPTAKAN KEDAMAIAN BUKAN KEKERASAN OpChildSafety
0,kekerasan anak,Benarkah Kekerasan Membuat anak Tahan Banting
0,kekerasan anak,Anak harus tumbuh dan berkembang dengan baik BERIKAN SENYUMAN BUKAN SIKSAAN CIPTAKAN KEDAMAIAN BUKAN KEKERASAN
0,kekerasan anak,id Anak dipaksa melihat dan mengalami kekerasan maka Luka batin akan terbawa alam bawah sadar dia bahwa
0,kekerasan anak,Part Twitter pls do ur magic Jd bbrp hari lalu aku dpt kabar bahwa ada seorang anak perempuan namanya Dewi th dia
0,kekerasan anak,Apresiasi Mayarakat Publik Figure Kepada Sat Reskrim Polres Tangsel Atas Pengungkapan Kasus Kekerasan Terhadap An
0,kekerasan anak,Stop kekerasan terhadap anak Polri SaveAnakIndonesia